Date,Store Name,POS Sales Total,Cash Counted,Card/UPI Total,Expected Cash,Difference,Remarks
01-Aug-25,Store A,25000,15000,10000,15000,0,OK
02-Aug-25,Store A,27000,16950,10000,17000,-50,Small shortage
03-Aug-25,Store A,30000,20000,10000,20000,0,OK
04-Aug-25,Store B,22000,12000,10000,12000,0,OK
05-Aug-25,Store A,25000,15000,10000,15000,0,OK
06-Aug-25,Store B,23000,12950,10000,13000,-50,Small shortage
07-Aug-25,Store A,28000,18000,10000,18000,0,OK
08-Aug-25,Store B,21000,11000,10000,11000,0,OK
09-Aug-25,Store A,26000,16000,10000,16000,0,OK
10-Aug-25,Store B,24000,14000,10000,14000,0,OK
11-Aug-25,Store A,25000,14950,10000,15000,-50,Small shortage
